target,scan,energy_keV,n_backing,n_backing_error,mean,mean_error,std,std_error,alpha,alpha_error,chi2
LiF,Scan 1,340,1.2866959903653634,0.14309120721750013,0.7072889775860292,0.20092862995801677,3.928489298788845,0.2431740844421326,3.5,0.0,179.9726377832812
LiF,Scan 2,340,6.999999999729525,0.3379314734116685,0.8517746673881277,0.18882580917705635,2.7595517649279513,0.2420719309080388,3.5,0.0,253.04011406731036
